{
  "height": 338.60780984719867,
  "width": 435.17826825127338,
  "x": 0,
  "y": 0,
  "z": 0
}