{
  "height": 338.60780984719867,
  "tabOrder": 2001,
  "width": 443.73514431239391,
  "x": 836.12903225806451,
  "y": 0,
  "z": 2001
}