{
  "height": 338.60780984719867,
  "tabOrder": 1000,
  "width": 319.04923599320881,
  "x": 447.402376910017,
  "y": 0,
  "z": 1000
}